<?xml version="1.0"?>
<doc>
    <assembly>
        <name>Reloaded.Memory.Buffers</name>
    </assembly>
    <members>
        <member name="T:System.Runtime.CompilerServices.SkipLocalsInitAttribute">
            <summary>
            Used to indicate to the compiler that the <c>.locals init</c> flag should not be set in method headers.
            </summary>
            <remarks>Internal copy of the .NET 5 attribute.</remarks>
        </member>
        <member name="T:Reloaded.Memory.Buffers.Buffers">
            <summary>
                Provides the high level API for Reloaded.Memory.Buffers.
            </summary>
        </member>
        <member name="M:Reloaded.Memory.Buffers.Buffers.AllocatePrivateMemory(Reloaded.Memory.Buffers.Structs.Params.BufferAllocatorSettings)">
            <summary>
                Allocates some memory with user specified settings.<br />
                The allocated memory is for your use only.
            </summary>
            <param name="settings">Settings with which to allocate the memory.</param>
            <returns>Information about the recently made allocation.</returns>
            <remarks>
                Allocating inside another process is only supported on Windows.
            </remarks>
        </member>
        <member name="M:Reloaded.Memory.Buffers.Buffers.GetBuffer(Reloaded.Memory.Buffers.Structs.Params.BufferSearchSettings)">
            <summary>
                Gets a buffer with user specified requirements.
            </summary>
            <param name="settings">Settings with which to allocate the memory.</param>
            <returns>
                Item allowing you to write to the buffer.<br/>
                Make sure you dispose it, by using `using` statement.
            </returns>
            <remarks>Allocating inside another process is only supported on Windows.</remarks>
            <exception cref="T:Reloaded.Memory.Buffers.Exceptions.MemoryBufferAllocationException">
                Memory cannot be allocated within the needed constraints when there
                is no existing suitable buffer.
            </exception>
        </member>
        <member name="T:Reloaded.Memory.Buffers.Exceptions.MemoryBufferAllocationException">
            <summary>
            This is an exception thrown when memory allocation of a specified number of bytes in a specified address range fails.
            </summary>
        </member>
        <member name="M:Reloaded.Memory.Buffers.Exceptions.MemoryBufferAllocationException.#ctor(System.UIntPtr,System.UIntPtr,System.Int32)">
            <summary>
            Creates a new instance of <see cref="T:Reloaded.Memory.Buffers.Exceptions.MemoryBufferAllocationException"/>.
            </summary>
            <param name="end">The end of the address range used in allocation.</param>
            <param name="size">Size of the data to allocate in.</param>
            <param name="start">The start of the address range used in allocation.</param>
        </member>
        <member name="M:Reloaded.Memory.Buffers.Exceptions.MemoryBufferAllocationException.#ctor">
            <inheritdoc />
        </member>
        <member name="M:Reloaded.Memory.Buffers.Exceptions.MemoryBufferAllocationException.#ctor(System.String)">
            <inheritdoc />
        </member>
        <member name="M:Reloaded.Memory.Buffers.Exceptions.MemoryBufferAllocationException.#ctor(System.String,System.Exception)">
            <inheritdoc />
        </member>
        <member name="T:Reloaded.Memory.Buffers.Exceptions.ThrowHelpers">
            <summary>
                Helper class for throwing exceptions.
            </summary>
        </member>
        <member name="T:Reloaded.Memory.Buffers.Internal.BufferAllocator">
            <summary>
                Class for allocating buffers between given memory ranges inside the current process.
            </summary>
            <summary>
            Windows specific buffer allocator.
            </summary>
            <summary>
            Windows specific buffer allocator.
            </summary>
            <summary>
            Windows specific buffer allocator.
            </summary>
        </member>
        <member name="M:Reloaded.Memory.Buffers.Internal.BufferAllocator.Allocate(Reloaded.Memory.Buffers.Structs.Params.BufferAllocatorSettings)">
            <summary>
                Allocates a region of memory that satisfies the given parameters.
            </summary>
            <param name="settings">Settings for the memory allocator.</param>
            <returns>Native address of the allocated region.</returns>
            <exception cref="T:Reloaded.Memory.Buffers.Exceptions.MemoryBufferAllocationException">Memory cannot be allocated within the needed constraints.</exception>
            <exception cref="T:System.PlatformNotSupportedException">This operation is not supported on the current platform.</exception>
        </member>
        <member name="M:Reloaded.Memory.Buffers.Internal.BufferAllocator.GetMaxWindowsAddress(System.Diagnostics.Process)">
            <summary>
                Calculates the max memory address for a given process.
            </summary>
            <param name="process">The process in question.</param>
        </member>
        <member name="M:Reloaded.Memory.Buffers.Internal.BufferAllocator.GetBufferPointersInPageRange(Reloaded.Memory.Buffers.Native.Windows.Kernel32.MEMORY_BASIC_INFORMATION@,System.Int32,System.UIntPtr,System.UIntPtr,System.Span{System.UIntPtr})">
            <summary>
            Checks if memory can be allocated inside <paramref name="pageInfo"/> provided the size, minimum and maximum pointer.
            </summary>
            <param name="pageInfo">Contains the information about a singular memory page.</param>
            <param name="bufferSize">The size that an allocation would occupy. Pre-aligned to page-size.</param>
            <param name="minimumPtr">The maximum pointer an allocation can occupy.</param>
            <param name="maximumPtr">The minimum pointer an allocation can occupy.</param>
            <param name="results">Span containing the results; must have at least 4 items.</param>
            <returns>Zero if the operation fails; otherwise positive value.</returns>
        </member>
        <member name="T:Reloaded.Memory.Buffers.Internal.LocatorHeaderFinder">
            <summary>
                Class that locates the buffer locator.
            </summary>
            <summary>
                Class that locates the buffer locator.
            </summary>
        </member>
        <member name="M:Reloaded.Memory.Buffers.Internal.LocatorHeaderFinder.Find">
            <summary>
                Retrieves the address of the first locator.
            </summary>
            <returns>Address of the first locator.</returns>
        </member>
        <member name="M:Reloaded.Memory.Buffers.Internal.LocatorHeaderFinder.Find(Reloaded.Memory.Buffers.Internal.LocatorHeaderFinder.FindReason@)">
            <summary>
                Retrieves the address of the first locator.
            </summary>
            <param name="reason">The reason the element was found.</param>
            <returns>Address of the first locator.</returns>
            <exception cref="T:System.PlatformNotSupportedException">This operation is not supported on the current platform.</exception>
        </member>
        <member name="M:Reloaded.Memory.Buffers.Internal.LocatorHeaderFinder.Reset">
            <summary>
                For test purposes only.
                Discards any present views.
            </summary>
        </member>
        <member name="F:Reloaded.Memory.Buffers.Internal.LocatorHeaderFinder.FindReason.Cached">
            <summary>
                Previously found and cached.
            </summary>
        </member>
        <member name="F:Reloaded.Memory.Buffers.Internal.LocatorHeaderFinder.FindReason.PreviouslyExisted">
            <summary>
                Memory mapped file was already opened by someone else.
            </summary>
        </member>
        <member name="F:Reloaded.Memory.Buffers.Internal.LocatorHeaderFinder.FindReason.Created">
            <summary>
                Memory mapped file was newly created (nobody made it before).
            </summary>
        </member>
        <member name="T:Reloaded.Memory.Buffers.Native.Linux.MemoryMapEntry">
            <summary>
                Individual entry in Linux memory map.
            </summary>
        </member>
        <member name="P:Reloaded.Memory.Buffers.Native.Linux.MemoryMapEntry.StartAddress">
            <summary>
                Gets or sets the start address of the memory mapping.
            </summary>
        </member>
        <member name="P:Reloaded.Memory.Buffers.Native.Linux.MemoryMapEntry.EndAddress">
            <summary>
                Gets or sets the end address of the memory mapping.
            </summary>
        </member>
        <member name="M:Reloaded.Memory.Buffers.Native.Linux.MemoryMapEntry.ToString">
            <summary>
                Returns a string representation of the memory mapping entry.
            </summary>
            <returns>A string representation of the memory mapping entry.</returns>
        </member>
        <member name="M:Reloaded.Memory.Buffers.Native.UnixMemoryMappedFile.Dispose">
            <inheritdoc />
        </member>
        <member name="T:Reloaded.Memory.Buffers.Native.Windows.Kernel32">
            <summary>
                Contains all Kernel32 API methods used by this library.
            </summary>
        </member>
        <member name="M:Reloaded.Memory.Buffers.Native.Windows.Kernel32.IsWow64Process(System.IntPtr,System.Boolean@)">
            <summary>Determines whether the specified process is running under WOW64.</summary>
            <param name="hProcess">
            <para>
            A handle to the process. The handle must have the PROCESS_QUERY_INFORMATION or PROCESS_QUERY_LIMITED_INFORMATION access right. For more information,
            see Process Security and Access Rights.
            </para>
            <para><c>Windows Server 2003 and Windows XP:</c> The handle must have the PROCESS_QUERY_INFORMATION access right.</para>
            </param>
            <param name="Wow64Process">
            A pointer to a value that is set to TRUE if the process is running under WOW64. If the process is running under 32-bit Windows, the value is set to
            FALSE. If the process is a 64-bit application running under 64-bit Windows, the value is also set to FALSE.
            </param>
            <returns>
            <para>If the function succeeds, the return value is a nonzero value.</para>
            <para>If the function fails, the return value is zero. To get extended error information, call <c>GetLastError</c>.</para>
            </returns>
        </member>
        <member name="M:Reloaded.Memory.Buffers.Native.Windows.Kernel32.GetSystemInfo(Reloaded.Memory.Buffers.Native.Windows.Kernel32.SYSTEM_INFO@)">
            <summary>
            <para>Retrieves information about the current system.</para>
            <para>To retrieve accurate information for an application running on WOW64, call the <c>GetNativeSystemInfo</c> function.</para>
            </summary>
            <param name="lpSystemInfo">A pointer to a <c>SYSTEM_INFO</c> structure that receives the information.</param>
            <returns>This function does not return a value.</returns>
        </member>
        <member name="M:Reloaded.Memory.Buffers.Native.Windows.Kernel32.VirtualQueryEx(System.IntPtr,System.UIntPtr,Reloaded.Memory.Buffers.Native.Windows.Kernel32.MEMORY_BASIC_INFORMATION*,System.UIntPtr)">
            <summary>
            Retrieves information about a range of pages within the virtual address space of a specified process.
            </summary>
            <param name="hProcess">A handle to the process for which information is needed.</param>
            <param name="lpAddress">A pointer to the base address of the region of pages to be queried. </param>
            <param name="lpBuffer">A pointer to a buffer that receives the information. The buffer is a MEMORY_BASIC_INFORMATION structure.</param>
            <param name="dwLength">The size of the buffer pointed to by the lpBuffer parameter, in bytes.</param>
            <returns>If the function succeeds, the return value is the actual number of bytes returned. If the function fails, the return value is zero.</returns>
        </member>
        <member name="M:Reloaded.Memory.Buffers.Native.Windows.Kernel32.VirtualQuery(System.UIntPtr,Reloaded.Memory.Buffers.Native.Windows.Kernel32.MEMORY_BASIC_INFORMATION*,System.UIntPtr)">
            <summary>
            Retrieves information about a range of pages in the virtual address space of the calling process.
            </summary>
            <param name="lpAddress">A pointer to the base address of the region of pages to be queried.</param>
            <param name="lpBuffer">A pointer to a buffer that receives the information. The buffer is a MEMORY_BASIC_INFORMATION structure.</param>
            <param name="dwLength">The size of the buffer pointed to by the lpBuffer parameter, in bytes.</param>
            <returns>If the function succeeds, the return value is the actual number of bytes returned. If the function fails, the return value is zero.</returns>
        </member>
        <member name="T:Reloaded.Memory.Buffers.Native.Windows.Kernel32.SYSTEM_INFO">
            <summary>
            Contains information about the current computer system. This includes the architecture and type of the processor, the number of
            processors in the system, the page size, and other such information.
            </summary>
        </member>
        <member name="F:Reloaded.Memory.Buffers.Native.Windows.Kernel32.SYSTEM_INFO.wProcessorArchitecture">
            <summary>
            <para>The processor architecture of the installed operating system. This member can be one of the following values.</para>
            <para>
            <list type="table">
            <listheader>
            <term>Value</term>
            <term>Meaning</term>
            </listheader>
            <item>
            <term>PROCESSOR_ARCHITECTURE_AMD649</term>
            <term>x64 (AMD or Intel)</term>
            </item>
            <item>
            <term>PROCESSOR_ARCHITECTURE_ARM5</term>
            <term>ARM</term>
            </item>
            <item>
            <term>PROCESSOR_ARCHITECTURE_ARM6412</term>
            <term>ARM64</term>
            </item>
            <item>
            <term>PROCESSOR_ARCHITECTURE_IA646</term>
            <term>Intel Itanium-based</term>
            </item>
            <item>
            <term>PROCESSOR_ARCHITECTURE_INTEL0</term>
            <term>x86</term>
            </item>
            <item>
            <term>PROCESSOR_ARCHITECTURE_UNKNOWN0xffff</term>
            <term>Unknown architecture.</term>
            </item>
            </list>
            </para>
            </summary>
        </member>
        <member name="F:Reloaded.Memory.Buffers.Native.Windows.Kernel32.SYSTEM_INFO.wReserved">
            <summary>This member is reserved for future use.</summary>
        </member>
        <member name="F:Reloaded.Memory.Buffers.Native.Windows.Kernel32.SYSTEM_INFO.dwPageSize">
            <summary>
            The page size and the granularity of page protection and commitment. This is the page size used by the <c>VirtualAlloc</c> function.
            </summary>
        </member>
        <member name="F:Reloaded.Memory.Buffers.Native.Windows.Kernel32.SYSTEM_INFO.lpMinimumApplicationAddress">
            <summary>A pointer to the lowest memory address accessible to applications and dynamic-link libraries (DLLs).</summary>
        </member>
        <member name="F:Reloaded.Memory.Buffers.Native.Windows.Kernel32.SYSTEM_INFO.lpMaximumApplicationAddress">
            <summary>A pointer to the highest memory address accessible to applications and DLLs.</summary>
        </member>
        <member name="F:Reloaded.Memory.Buffers.Native.Windows.Kernel32.SYSTEM_INFO.dwActiveProcessorMask">
            <summary>
            A mask representing the set of processors configured into the system. Bit 0 is processor 0; bit 31 is processor 31.
            </summary>
        </member>
        <member name="F:Reloaded.Memory.Buffers.Native.Windows.Kernel32.SYSTEM_INFO.dwNumberOfProcessors">
            <summary>
            The number of logical processors in the current group. To retrieve this value, use the <c>GetLogicalProcessorInformation</c> function.
            </summary>
        </member>
        <member name="F:Reloaded.Memory.Buffers.Native.Windows.Kernel32.SYSTEM_INFO.dwProcessorType">
            <summary>
            An obsolete member that is retained for compatibility. Use the <c>wProcessorArchitecture</c>, <c>wProcessorLevel</c>, and
            <c>wProcessorRevision</c> members to determine the type of processor.
            </summary>
        </member>
        <member name="F:Reloaded.Memory.Buffers.Native.Windows.Kernel32.SYSTEM_INFO.dwAllocationGranularity">
            <summary>
            The granularity for the starting address at which virtual memory can be allocated. For more information, see <c>VirtualAlloc</c>.
            </summary>
        </member>
        <member name="F:Reloaded.Memory.Buffers.Native.Windows.Kernel32.SYSTEM_INFO.wProcessorLevel">
            <summary>
            <para>
            The architecture-dependent processor level. It should be used only for display purposes. To determine the feature set of a
            processor, use the <c>IsProcessorFeaturePresent</c> function.
            </para>
            <para>If <c>wProcessorArchitecture</c> is PROCESSOR_ARCHITECTURE_INTEL, <c>wProcessorLevel</c> is defined by the CPU vendor.</para>
            <para>If <c>wProcessorArchitecture</c> is PROCESSOR_ARCHITECTURE_IA64, <c>wProcessorLevel</c> is set to 1.</para>
            </summary>
        </member>
        <member name="F:Reloaded.Memory.Buffers.Native.Windows.Kernel32.SYSTEM_INFO.wProcessorRevision">
            <summary>
            <para>
            The architecture-dependent processor revision. The following table shows how the revision value is assembled for each type of
            processor architecture.
            </para>
            <para>
            <list type="table">
            <listheader>
            <term>Processor</term>
            <term>Value</term>
            </listheader>
            <item>
            <term>Intel Pentium, Cyrix, or NextGen 586</term>
            <term>
            The high byte is the model and the low byte is the stepping. For example, if the value is xxyy, the model number and stepping
            can be displayed as
            follows: Model xx, Stepping yy
            </term>
            </item>
            <item>
            <term>Intel 80386 or 80486</term>
            <term>
            A value of the form xxyz. If xx is equal to 0xFF, y - 0xA is the model number, and z is the stepping identifier.If xx is not
            equal to 0xFF, xx + 'A' is the stepping letter and yz is the minor stepping.
            </term>
            </item>
            <item>
            <term>ARM</term>
            <term>Reserved.</term>
            </item>
            </list>
            </para>
            </summary>
        </member>
        <member name="T:Reloaded.Memory.Buffers.Native.Windows.Kernel32.MEMORY_BASIC_INFORMATION">
            <summary>
            <para>
            Contains information about a range of pages in the virtual address space of a process. The VirtualQuery and VirtualQueryEx
            functions use this structure.
            </para>
            </summary>
            <remarks>
            <para>
            To enable a debugger to debug a target that is running on a different architecture (32-bit versus 64-bit), use one of the
            explicit forms of this structure.
            </para>
            </remarks>
        </member>
        <member name="F:Reloaded.Memory.Buffers.Native.Windows.Kernel32.MEMORY_BASIC_INFORMATION.BaseAddress">
            <summary>
            <para>A pointer to the base address of the region of pages.</para>
            </summary>
        </member>
        <member name="F:Reloaded.Memory.Buffers.Native.Windows.Kernel32.MEMORY_BASIC_INFORMATION.AllocationBase">
            <summary>
            <para>
            A pointer to the base address of a range of pages allocated by the VirtualAlloc function. The page pointed to by the
            <c>BaseAddress</c> member is contained within this allocation range.
            </para>
            </summary>
        </member>
        <member name="F:Reloaded.Memory.Buffers.Native.Windows.Kernel32.MEMORY_BASIC_INFORMATION.AllocationProtect">
            <summary>
            <para>
            The memory protection option when the region was initially allocated. This member can be one of the memory protection
            constants or 0 if the caller does not have access.
            </para>
            </summary>
        </member>
        <member name="F:Reloaded.Memory.Buffers.Native.Windows.Kernel32.MEMORY_BASIC_INFORMATION.RegionSize">
            <summary>
            <para>The size of the region beginning at the base address in which all pages have identical attributes, in bytes.</para>
            </summary>
        </member>
        <member name="F:Reloaded.Memory.Buffers.Native.Windows.Kernel32.MEMORY_BASIC_INFORMATION.State">
            <summary>
            <para>The state of the pages in the region. This member can be one of the following values.</para>
            <list type="table">
            <listheader>
            <term>State</term>
            <term>Meaning</term>
            </listheader>
            <item>
            <term>MEM_COMMIT 0x1000</term>
            <term>
            Indicates committed pages for which physical storage has been allocated, either in memory or in the paging file on disk.
            </term>
            </item>
            <item>
            <term>MEM_FREE 0x10000</term>
            <term>
            Indicates free pages not accessible to the calling process and available to be allocated. For free pages, the information in
            the AllocationBase, AllocationProtect, Protect, and Type members is undefined.
            </term>
            </item>
            <item>
            <term>MEM_RESERVE 0x2000</term>
            <term>
            Indicates reserved pages where a range of the process's virtual address space is reserved without any physical storage being
            allocated. For reserved pages, the information in the Protect member is undefined.
            </term>
            </item>
            </list>
            </summary>
        </member>
        <member name="F:Reloaded.Memory.Buffers.Native.Windows.Kernel32.MEMORY_BASIC_INFORMATION.Protect">
            <summary>
            <para>
            The access protection of the pages in the region. This member is one of the values listed for the <c>AllocationProtect</c> member.
            </para>
            </summary>
        </member>
        <member name="F:Reloaded.Memory.Buffers.Native.Windows.Kernel32.MEMORY_BASIC_INFORMATION.Type">
            <summary>
            <para>The type of pages in the region. The following types are defined.</para>
            <list type="table">
            <listheader>
            <term>Type</term>
            <term>Meaning</term>
            </listheader>
            <item>
            <term>MEM_IMAGE 0x1000000</term>
            <term>Indicates that the memory pages within the region are mapped into the view of an image section.</term>
            </item>
            <item>
            <term>MEM_MAPPED 0x40000</term>
            <term>Indicates that the memory pages within the region are mapped into the view of a section.</term>
            </item>
            <item>
            <term>MEM_PRIVATE 0x20000</term>
            <term>Indicates that the memory pages within the region are private (that is, not shared by other processes).</term>
            </item>
            </list>
            </summary>
        </member>
        <member name="T:Reloaded.Memory.Buffers.Native.Windows.Kernel32.MEM_STATE">
            <summary>
            Represents the state of the memory pages within the region.
            </summary>
        </member>
        <member name="F:Reloaded.Memory.Buffers.Native.Windows.Kernel32.MEM_STATE.COMMIT">
            <summary>
            Indicates committed pages for which physical storage has been allocated, either in memory or in the paging file on disk.
            </summary>
        </member>
        <member name="F:Reloaded.Memory.Buffers.Native.Windows.Kernel32.MEM_STATE.FREE">
            <summary>
            Indicates free pages not accessible to the calling process and available to be allocated.
            </summary>
        </member>
        <member name="F:Reloaded.Memory.Buffers.Native.Windows.Kernel32.MEM_STATE.RESERVE">
            <summary>
            Indicates reserved pages where a range of the process's virtual address space is reserved without any physical storage being allocated.
            </summary>
        </member>
        <member name="T:Reloaded.Memory.Buffers.Native.Windows.Kernel32.MEM_TYPE">
            <summary>
            Represents the type of the memory pages within the region.
            </summary>
        </member>
        <member name="F:Reloaded.Memory.Buffers.Native.Windows.Kernel32.MEM_TYPE.IMAGE">
            <summary>
            Indicates that the memory pages within the region are mapped into the view of an image section.
            </summary>
        </member>
        <member name="F:Reloaded.Memory.Buffers.Native.Windows.Kernel32.MEM_TYPE.MAPPED">
            <summary>
            Indicates that the memory pages within the region are mapped into the view of a section.
            </summary>
        </member>
        <member name="F:Reloaded.Memory.Buffers.Native.Windows.Kernel32.MEM_TYPE.PRIVATE">
            <summary>
            Indicates that the memory pages within the region are private (that is, not shared by other processes).
            </summary>
        </member>
        <member name="T:Reloaded.Memory.Buffers.Native.Windows.Kernel32.ProcessorArchitecture">
            <summary>Processor architecture</summary>
        </member>
        <member name="F:Reloaded.Memory.Buffers.Native.Windows.Kernel32.ProcessorArchitecture.PROCESSOR_ARCHITECTURE_INTEL">
            <summary>x86</summary>
        </member>
        <member name="F:Reloaded.Memory.Buffers.Native.Windows.Kernel32.ProcessorArchitecture.PROCESSOR_ARCHITECTURE_MIPS">
            <summary>Unspecified</summary>
        </member>
        <member name="F:Reloaded.Memory.Buffers.Native.Windows.Kernel32.ProcessorArchitecture.PROCESSOR_ARCHITECTURE_ALPHA">
            <summary>Unspecified</summary>
        </member>
        <member name="F:Reloaded.Memory.Buffers.Native.Windows.Kernel32.ProcessorArchitecture.PROCESSOR_ARCHITECTURE_PPC">
            <summary>Unspecified</summary>
        </member>
        <member name="F:Reloaded.Memory.Buffers.Native.Windows.Kernel32.ProcessorArchitecture.PROCESSOR_ARCHITECTURE_SHX">
            <summary>Unspecified</summary>
        </member>
        <member name="F:Reloaded.Memory.Buffers.Native.Windows.Kernel32.ProcessorArchitecture.PROCESSOR_ARCHITECTURE_ARM">
            <summary>ARM</summary>
        </member>
        <member name="F:Reloaded.Memory.Buffers.Native.Windows.Kernel32.ProcessorArchitecture.PROCESSOR_ARCHITECTURE_IA64">
            <summary>Intel Itanium-based</summary>
        </member>
        <member name="F:Reloaded.Memory.Buffers.Native.Windows.Kernel32.ProcessorArchitecture.PROCESSOR_ARCHITECTURE_ALPHA64">
            <summary>Unspecified</summary>
        </member>
        <member name="F:Reloaded.Memory.Buffers.Native.Windows.Kernel32.ProcessorArchitecture.PROCESSOR_ARCHITECTURE_MSIL">
            <summary>Unspecified</summary>
        </member>
        <member name="F:Reloaded.Memory.Buffers.Native.Windows.Kernel32.ProcessorArchitecture.PROCESSOR_ARCHITECTURE_AMD64">
            <summary>x64 (AMD or Intel)</summary>
        </member>
        <member name="F:Reloaded.Memory.Buffers.Native.Windows.Kernel32.ProcessorArchitecture.PROCESSOR_ARCHITECTURE_IA32_ON_WIN64">
            <summary>Unspecified</summary>
        </member>
        <member name="F:Reloaded.Memory.Buffers.Native.Windows.Kernel32.ProcessorArchitecture.PROCESSOR_ARCHITECTURE_NEUTRAL">
            <summary>Unspecified</summary>
        </member>
        <member name="F:Reloaded.Memory.Buffers.Native.Windows.Kernel32.ProcessorArchitecture.PROCESSOR_ARCHITECTURE_ARM64">
            <summary>Unspecified</summary>
        </member>
        <member name="F:Reloaded.Memory.Buffers.Native.Windows.Kernel32.ProcessorArchitecture.PROCESSOR_ARCHITECTURE_ARM32_ON_WIN64">
            <summary>Unspecified</summary>
        </member>
        <member name="F:Reloaded.Memory.Buffers.Native.Windows.Kernel32.ProcessorArchitecture.PROCESSOR_ARCHITECTURE_UNKNOWN">
            <summary>Unknown architecture.</summary>
        </member>
        <member name="M:Reloaded.Memory.Buffers.Native.WindowsMemoryMappedFile.Dispose">
            <inheritdoc />
        </member>
        <member name="T:Reloaded.Memory.Buffers.Structs.Internal.LocatorHeader">
            <summary>
                Represents the header of an individual memory locator.
            </summary>
        </member>
        <member name="F:Reloaded.Memory.Buffers.Structs.Internal.LocatorHeader.Length">
            <summary>
                Static length of this locator.
            </summary>
        </member>
        <member name="F:Reloaded.Memory.Buffers.Structs.Internal.LocatorHeader.LengthOfPreallocatedChunks">
             <summary>
                 Length of buffers preallocated in this locator.
             </summary>
             <remarks>
                 On Windows there is an allocation granularity (normally 64KB) which means that
                 minimum amount of bytes you can allocate is 64KB; even if you only need 1 byte.
            
                 Our locator is a 4096 byte structure which means that it would be a waste to not
                 do anything with the remaining data. So we chunk the remaining data by this amount
                 and pre-register them as buffers.
             </remarks>
        </member>
        <member name="P:Reloaded.Memory.Buffers.Structs.Internal.LocatorHeader.MaxItemCount">
            <summary>
                Returns the maximum possible amount of items in this locator.
            </summary>
        </member>
        <member name="F:Reloaded.Memory.Buffers.Structs.Internal.LocatorHeader.ThisAddress">
            <summary>
                Address of this header in memory.
            </summary>
        </member>
        <member name="F:Reloaded.Memory.Buffers.Structs.Internal.LocatorHeader.NextLocatorPtr">
            <summary>
                Address of next locator in memory.
            </summary>
        </member>
        <member name="F:Reloaded.Memory.Buffers.Structs.Internal.LocatorHeader._isLocked">
            <summary>
                True if this locator is locked, else false.
            </summary>
        </member>
        <member name="P:Reloaded.Memory.Buffers.Structs.Internal.LocatorHeader.IsLocked">
            <summary>
                Returns true if the current item is locked, else false.
            </summary>
        </member>
        <member name="P:Reloaded.Memory.Buffers.Structs.Internal.LocatorHeader.Version">
            <summary>
                Version represented by the first 3 bits of _flags.
            </summary>
        </member>
        <member name="F:Reloaded.Memory.Buffers.Structs.Internal.LocatorHeader.NumItems">
            <summary>
                Number of items in this buffer.
            </summary>
        </member>
        <member name="P:Reloaded.Memory.Buffers.Structs.Internal.LocatorHeader.HasNextLocator">
            <summary>
                True if next locator is present.
            </summary>
        </member>
        <member name="P:Reloaded.Memory.Buffers.Structs.Internal.LocatorHeader.IsFull">
            <summary>
                True if this buffer is full.
            </summary>
        </member>
        <member name="M:Reloaded.Memory.Buffers.Structs.Internal.LocatorHeader.Initialize(System.Int32)">
            <summary>
                Initializes the locator header values at a specific address.
            </summary>
            <param name="length">Number of bytes available.</param>
        </member>
        <member name="M:Reloaded.Memory.Buffers.Structs.Internal.LocatorHeader.TryLock">
            <summary>
                Tries to acquire the lock.
            </summary>
            <returns>True if the lock was successfully acquired, false otherwise.</returns>
        </member>
        <member name="M:Reloaded.Memory.Buffers.Structs.Internal.LocatorHeader.Lock">
            <summary>
                Acquires the lock, blocking until it can do so.
            </summary>
        </member>
        <member name="M:Reloaded.Memory.Buffers.Structs.Internal.LocatorHeader.Unlock">
            <summary>
                Unlocks the object in a thread-safe manner.
            </summary>
            <exception cref="T:System.InvalidOperationException">
                If the buffer is already unlocked, this error is thrown.
                It is only thrown in debug mode.
            </exception>
        </member>
        <member name="M:Reloaded.Memory.Buffers.Structs.Internal.LocatorHeader.GetFirstItem">
            <summary>
                Gets the item at a specific index.
            </summary>
        </member>
        <member name="M:Reloaded.Memory.Buffers.Structs.Internal.LocatorHeader.GetItem(System.Int32)">
            <summary>
                Gets the item at a specific index.
            </summary>
            <param name="index">Index to get item at.</param>
        </member>
        <member name="M:Reloaded.Memory.Buffers.Structs.Internal.LocatorHeader.GetFirstAvailableItemLocked(System.UInt32,System.UIntPtr,System.UIntPtr)">
            <summary>
                Gets the first available, with lock.
            </summary>
            <param name="size">Required size of buffer.</param>
            <param name="minAddress">Minimum address for the allocation.</param>
            <param name="maxAddress">Maximum address for the allocation.</param>
            <returns>Locked locator item. Make sure this is disposed with use of 'using' statement. Disposing will release lock.</returns>
        </member>
        <member name="M:Reloaded.Memory.Buffers.Structs.Internal.LocatorHeader.TryAllocateItem(System.UInt32,System.UIntPtr,System.UIntPtr,System.Nullable{Reloaded.Memory.Buffers.Structs.SafeLocatorItem}@)">
            <summary>
                Tries to allocate an additional item in the header, if possible.
            </summary>
            <param name="size">Required size of buffer.</param>
            <param name="minAddress">Minimum address for the allocation.</param>
            <param name="maxAddress">Maximum address for the allocation.</param>
            <param name="item">Receives the successfully allocated buffer (locked).</param>
            <returns>True if an item could be allocated, else false.</returns>
            <remarks>If an item can't be allocated, there are simply no slots left.</remarks>
            <exception cref="T:Reloaded.Memory.Buffers.Exceptions.MemoryBufferAllocationException">Memory cannot be allocated within the needed constraints.</exception>
        </member>
        <member name="M:Reloaded.Memory.Buffers.Structs.Internal.LocatorHeader.GetNextLocator">
            <summary>
                Gets the next header in the chain, allocating it if necessary.
            </summary>
            <returns>Address of next header.</returns>
        </member>
        <member name="T:Reloaded.Memory.Buffers.Structs.Internal.LocatorItem">
            <summary>
                Individual item in the locator.
            </summary>
        </member>
        <member name="F:Reloaded.Memory.Buffers.Structs.Internal.LocatorItem.BaseAddress">
            <summary>
                Address of the buffer in memory.
            </summary>
        </member>
        <member name="P:Reloaded.Memory.Buffers.Structs.Internal.LocatorItem.IsAllocated">
            <summary>
                True if the buffer is allocated.
            </summary>
        </member>
        <member name="F:Reloaded.Memory.Buffers.Structs.Internal.LocatorItem._isTaken">
            <summary>
                True if this item is locked, else false.
            </summary>
        </member>
        <member name="P:Reloaded.Memory.Buffers.Structs.Internal.LocatorItem.IsTaken">
            <summary>
                Returns true if the current item is locked, else false.
            </summary>
        </member>
        <member name="F:Reloaded.Memory.Buffers.Structs.Internal.LocatorItem.Size">
            <summary>
                Size of the buffer.
            </summary>
        </member>
        <member name="F:Reloaded.Memory.Buffers.Structs.Internal.LocatorItem.Position">
            <summary>
                Current position of the buffer.
            </summary>
        </member>
        <member name="P:Reloaded.Memory.Buffers.Structs.Internal.LocatorItem.BytesLeft">
            <summary>
                Available number of bytes in item.
            </summary>
        </member>
        <member name="P:Reloaded.Memory.Buffers.Structs.Internal.LocatorItem.MinAddress">
            <summary>
                Minimum address of the allocation.
            </summary>
        </member>
        <member name="P:Reloaded.Memory.Buffers.Structs.Internal.LocatorItem.MaxAddress">
            <summary>
                Maximum address of the allocation.
            </summary>
        </member>
        <member name="M:Reloaded.Memory.Buffers.Structs.Internal.LocatorItem.#ctor(System.UIntPtr,System.UInt32)">
            <summary>
                Creates a new instance of <see cref="T:Reloaded.Memory.Buffers.Structs.Internal.LocatorItem" /> given base address, size and position.
            </summary>
            <param name="baseAddress">The base address.</param>
            <param name="size">The size.</param>
        </member>
        <member name="M:Reloaded.Memory.Buffers.Structs.Internal.LocatorItem.TryLock">
            <summary>
                Tries to acquire the lock.
            </summary>
            <returns>True if the lock was successfully acquired, false otherwise.</returns>
        </member>
        <member name="M:Reloaded.Memory.Buffers.Structs.Internal.LocatorItem.Lock">
            <summary>
                Acquires the lock, blocking until it can do so.
            </summary>
        </member>
        <member name="M:Reloaded.Memory.Buffers.Structs.Internal.LocatorItem.Unlock">
            <summary>
                Unlocks the object in a thread-safe manner.
            </summary>
            <exception cref="T:System.InvalidOperationException">
                If the buffer is already unlocked, this error is thrown.
                It is only thrown in debug mode.
            </exception>
        </member>
        <member name="M:Reloaded.Memory.Buffers.Structs.Internal.LocatorItem.CanUse(System.UInt32,System.UIntPtr,System.UIntPtr)">
            <summary>
                Determines if this locator item can be used given the constraints.
            </summary>
            <param name="size">Available bytes between <paramref name="minAddress" /> and <paramref name="maxAddress" />.</param>
            <param name="minAddress">Minimum address accepted.</param>
            <param name="maxAddress">Maximum address accepted.</param>
            <returns>If this buffer can be used given the parameters.</returns>
        </member>
        <member name="M:Reloaded.Memory.Buffers.Structs.Internal.LocatorItem.Append(System.Span{System.Byte})">
            <summary>
            Appends the data to this buffer.
            </summary>
            <param name="data">The data to append to the item.</param>
            <returns>Address of the written data.</returns>
            <remarks>
                It is the caller's responsibility to ensure there is sufficient space in the buffer.<br/>
                When returning buffers from the library, the library will ensure there's at least the requested amount of space;
                so if the total size of your data falls under that space, you are good.
            </remarks>
        </member>
        <member name="M:Reloaded.Memory.Buffers.Structs.Internal.LocatorItem.Append``1(``0@)">
            <summary>
            Appends the blittable variable to this buffer.
            </summary>
            <typeparam name="T">Type of the item to write.</typeparam>
            <param name="data">The item to append to the buffer.</param>
            <returns>Address of the written data.</returns>
            <remarks>
                It is the caller's responsibility to ensure there is sufficient space in the buffer.<br/>
                When returning buffers from the library, the library will ensure there's at least the requested amount of space;
                so if the total size of your data falls under that space, you are good.
            </remarks>
        </member>
        <member name="T:Reloaded.Memory.Buffers.Structs.Params.BufferAllocatorSettings">
            <summary>
                Settings to pass to the buffer allocator.
            </summary>
        </member>
        <member name="P:Reloaded.Memory.Buffers.Structs.Params.BufferAllocatorSettings.MinAddress">
            <summary>
                Minimum address of the allocation.
            </summary>
        </member>
        <member name="P:Reloaded.Memory.Buffers.Structs.Params.BufferAllocatorSettings.MaxAddress">
            <summary>
                Maximum address of the allocation.
            </summary>
        </member>
        <member name="P:Reloaded.Memory.Buffers.Structs.Params.BufferAllocatorSettings.Size">
            <summary>
                Required size of the data.
            </summary>
        </member>
        <member name="P:Reloaded.Memory.Buffers.Structs.Params.BufferAllocatorSettings.TargetProcess">
            <summary>
                Process to allocate memory in.
            </summary>
        </member>
        <member name="P:Reloaded.Memory.Buffers.Structs.Params.BufferAllocatorSettings.RetryCount">
            <summary>
                Amount of times library should retry after failing to allocate a region.
            </summary>
            <remarks>
                This is useful when there's high memory pressure, meaning pages become unavailable between the time
                they are found and the time we try to allocate them.
            </remarks>
        </member>
        <member name="P:Reloaded.Memory.Buffers.Structs.Params.BufferAllocatorSettings.BruteForce">
            <summary>
                Whether to use brute force to find a suitable address.
            </summary>
            <remarks>
                This for some reason only ever was needed in FFXIV under Wine; and was contributed in the original library
                (prior to rewrite) by the Dalamud folks. In Wine and on FFXIV *only*; the regular procedure of trying to allocate
                returned pages doesn't always work. This is a last ditch workaround for that.<br />
                This setting is only used on Windows targets today.
            </remarks>
        </member>
        <member name="M:Reloaded.Memory.Buffers.Structs.Params.BufferAllocatorSettings.#ctor">
            <summary>
                Initializes the buffer allocator with default settings.
            </summary>
        </member>
        <member name="M:Reloaded.Memory.Buffers.Structs.Params.BufferAllocatorSettings.FromProximity(System.UIntPtr,System.UIntPtr,System.UIntPtr)">
            <summary>
                Creates settings such that the returned buffer will always be within <paramref name="proximity"/> bytes of <paramref name="target"/>.
            </summary>
            <param name="proximity">Max proximity (number of bytes) to target.</param>
            <param name="target">Target address.</param>
            <param name="size">Size required in the settings.</param>
            <returns>Settings that would satisfy this search.</returns>
        </member>
        <member name="M:Reloaded.Memory.Buffers.Structs.Params.BufferAllocatorSettings.Sanitize">
            <summary>
                Sanitizes the input values.
            </summary>
        </member>
        <member name="T:Reloaded.Memory.Buffers.Structs.Params.BufferSearchSettings">
            <summary>
                Settings to pass to buffer search mechanisms.
            </summary>
        </member>
        <member name="P:Reloaded.Memory.Buffers.Structs.Params.BufferSearchSettings.MinAddress">
            <summary>
                Minimum address of the allocation.
            </summary>
        </member>
        <member name="P:Reloaded.Memory.Buffers.Structs.Params.BufferSearchSettings.MaxAddress">
            <summary>
                Maximum address of the allocation.
            </summary>
        </member>
        <member name="P:Reloaded.Memory.Buffers.Structs.Params.BufferSearchSettings.Size">
            <summary>
                Required size of the data.
            </summary>
        </member>
        <member name="M:Reloaded.Memory.Buffers.Structs.Params.BufferSearchSettings.#ctor">
            <summary>
                Initializes the buffer allocator with default settings.
            </summary>
        </member>
        <member name="M:Reloaded.Memory.Buffers.Structs.Params.BufferSearchSettings.FromProximity(System.UIntPtr,System.UIntPtr,System.UIntPtr)">
            <summary>
                Creates settings such that the returned buffer will always be within <paramref name="proximity"/> bytes of <paramref name="target"/>.
            </summary>
            <param name="proximity">Max proximity (number of bytes) to target.</param>
            <param name="target">Target address.</param>
            <param name="size">Size required in the settings.</param>
            <returns>Settings that would satisfy this search.</returns>
        </member>
        <member name="T:Reloaded.Memory.Buffers.Structs.PrivateAllocation">
            <summary>
                Provides information about a recently made allocation.
            </summary>
            <remarks>
                This memory is automatically disposed by Garbage Collector if this class is no longer in use,
                if you wish to keep it around forever, make sure to store it in a field or use `<see cref="M:System.GC.KeepAlive(System.Object)"/>`.
            </remarks>
        </member>
        <member name="P:Reloaded.Memory.Buffers.Structs.PrivateAllocation.BaseAddress">
            <summary>
                Address of the buffer in memory.
            </summary>
        </member>
        <member name="P:Reloaded.Memory.Buffers.Structs.PrivateAllocation.Size">
            <summary>
                Exact size of allocated data.
            </summary>
        </member>
        <member name="M:Reloaded.Memory.Buffers.Structs.PrivateAllocation.#ctor(System.UIntPtr,System.UIntPtr,System.Diagnostics.Process)">
            <summary>
                Creates a private allocation returned to user upon allocating a region of memory.
            </summary>
            <param name="baseAddress"></param>
            <param name="size"></param>
            <param name="process"></param>
        </member>
        <member name="M:Reloaded.Memory.Buffers.Structs.PrivateAllocation.Finalize">
            <inheritdoc />
        </member>
        <member name="M:Reloaded.Memory.Buffers.Structs.PrivateAllocation.Dispose">
            <inheritdoc />
        </member>
        <member name="T:Reloaded.Memory.Buffers.Structs.SafeLocatorItem">
            <summary>
            An individual item in the buffer locator that you can dispose.
            </summary>
        </member>
        <member name="F:Reloaded.Memory.Buffers.Structs.SafeLocatorItem.Item">
            <summary>
            The item behind this struct.
            </summary>
            <remarks>
                Use at your own risk.
                Unsafe.
            </remarks>
        </member>
        <member name="M:Reloaded.Memory.Buffers.Structs.SafeLocatorItem.#ctor(Reloaded.Memory.Buffers.Structs.Internal.LocatorItem*)">
            <summary>
            Creates a disposable locator item.
            </summary>
            <param name="item">The item to dispose.</param>
            <remarks>
                Item used with this constructor must be locked.
            </remarks>
        </member>
        <member name="M:Reloaded.Memory.Buffers.Structs.SafeLocatorItem.Append(System.Span{System.Byte})">
            <summary>
            Appends the data to this buffer.
            </summary>
            <param name="data">The data to append to the item.</param>
            <remarks>
                It is the caller's responsibility to ensure there is sufficient space in the buffer.<br/>
                When returning buffers from the library, the library will ensure there's at least the requested amount of space;
                so if the total size of your data falls under that space, you are good.
            </remarks>
        </member>
        <member name="M:Reloaded.Memory.Buffers.Structs.SafeLocatorItem.Append``1(``0@)">
            <summary>
            Appends the blittable variable to this buffer.
            </summary>
            <typeparam name="T">Type of the item to write.</typeparam>
            <param name="data">The item to append to the buffer.</param>
            <returns>Address of the written data.</returns>
            <remarks>
                It is the caller's responsibility to ensure there is sufficient space in the buffer.<br/>
                When returning buffers from the library, the library will ensure there's at least the requested amount of space;
                so if the total size of your data falls under that space, you are good.
            </remarks>
        </member>
        <member name="M:Reloaded.Memory.Buffers.Structs.SafeLocatorItem.Dispose">
            <inheritdoc />
        </member>
        <member name="T:Reloaded.Memory.Buffers.Utilities.AddressRange">
            <summary>
                Defines a physical address range with a minimum and maximum address.
            </summary>
        </member>
        <member name="M:Reloaded.Memory.Buffers.Utilities.AddressRange.Contains(Reloaded.Memory.Buffers.Utilities.AddressRange@)">
            <summary>
                Returns true if the other address range is completely inside
                the current address range.
            </summary>
            <param name="otherRange">True if this address range is contained entirely inside the other.</param>
        </member>
        <member name="M:Reloaded.Memory.Buffers.Utilities.AddressRange.Overlaps(Reloaded.Memory.Buffers.Utilities.AddressRange@)">
            <summary>
                Returns true if the other address range intersects this address range, i.e.
                start or end of this range falls inside other range.
            </summary>
            <param name="otherRange">Returns true if there are any overlaps in the address ranges.</param>
        </member>
        <member name="M:Reloaded.Memory.Buffers.Utilities.AddressRange.PointInRange(Reloaded.Memory.Buffers.Utilities.AddressRange@,System.UIntPtr)">
            <summary>
                Returns true if a number "point", is between min and max of address range.
            </summary>
            <param name="range">Range inside which to test the point.</param>
            <param name="point">The point to test.</param>
        </member>
        <member name="T:Reloaded.Memory.Buffers.Utilities.Cached">
            <summary>
                Retrieves cached values that can be reused.
            </summary>
        </member>
        <member name="T:Reloaded.Memory.Buffers.Utilities.LinuxMapParser">
            <summary>
                Parses Linux' /proc/{id}/maps file.
            </summary>
        </member>
        <member name="M:Reloaded.Memory.Buffers.Utilities.LinuxMapParser.GetFreeRegions(System.Diagnostics.Process)">
            <summary>
            Returns all free regions based on the found regions.
            </summary>
            <param name="targetProcess">The process to get free regions from.</param>
        </member>
        <member name="M:Reloaded.Memory.Buffers.Utilities.LinuxMapParser.GetFreeRegions(System.Span{Reloaded.Memory.Buffers.Native.Linux.MemoryMapEntry})">
            <summary>
            Returns all free regions based on the found regions.
            </summary>
            <param name="regions">The found regions.</param>
        </member>
        <member name="M:Reloaded.Memory.Buffers.Utilities.LinuxMapParser.ParseMemoryMap(System.Int32)">
            <summary>
            Parses the contents of the /proc/{id}/maps file and returns an array of memory mapping entries.
            </summary>
            <param name="processId">The process id to get mapping ranges for.</param>
            <returns>An array of memory mapping entries.</returns>
            <exception cref="T:System.FormatException">One of the lines in the memory map could not be correctly parsed.</exception>
        </member>
        <member name="M:Reloaded.Memory.Buffers.Utilities.LinuxMapParser.ParseMemoryMap(System.String[])">
            <summary>
            Parses the contents of the /proc/self/maps file and returns an array of memory mapping entries.
            </summary>
            <param name="lines">Contents of file in /proc/self/maps or equivalent.</param>
            <returns>An array of memory mapping entries.</returns>
            <exception cref="T:System.FormatException">One of the lines in the memory map could not be correctly parsed.</exception>
        </member>
        <member name="M:Reloaded.Memory.Buffers.Utilities.Mathematics.RoundUp(System.UIntPtr,System.UIntPtr)">
            <summary>
            Rounds up a specified number to the next multiple of X.
            </summary>
            <param name="number">The number to round up.</param>
            <param name="multiple">The multiple the number should be rounded to.</param>
            <returns></returns>
        </member>
        <member name="M:Reloaded.Memory.Buffers.Utilities.Mathematics.RoundDown(System.UIntPtr,System.UIntPtr)">
            <summary>
            Rounds up a specified number to the previous multiple of X.
            </summary>
            <param name="number">The number to round down.</param>
            <param name="multiple">The multiple the number should be rounded to.</param>
        </member>
        <member name="M:Reloaded.Memory.Buffers.Utilities.Mathematics.RoundDown(System.UIntPtr,System.Int32)">
            <summary>
            Rounds up a specified number to the previous multiple of X.
            </summary>
            <param name="number">The number to round down.</param>
            <param name="multiple">The multiple the number should be rounded to.</param>
            <returns></returns>
        </member>
        <member name="M:Reloaded.Memory.Buffers.Utilities.Mathematics.RoundUp(System.UIntPtr,System.Int32)">
            <summary>
            Rounds up a specified number to the next multiple of X.
            </summary>
            <param name="number">The number to round up.</param>
            <param name="multiple">The multiple the number should be rounded to.</param>
        </member>
        <member name="M:Reloaded.Memory.Buffers.Utilities.Mathematics.Min(System.UIntPtr,System.UIntPtr)">
            <summary>
            Returns smaller of the two values.
            </summary>
            <param name="a">First value.</param>
            <param name="b">Second value.</param>
        </member>
        <member name="M:Reloaded.Memory.Buffers.Utilities.Mathematics.AddWithOverflowCap(System.UIntPtr,System.UIntPtr)">
            <summary>
            Adds the two values, but caps the result at MaxValue if it overflows.
            </summary>
            <param name="a">First value.</param>
            <param name="b">Second value.</param>
        </member>
        <member name="M:Reloaded.Memory.Buffers.Utilities.Mathematics.SubtractWithUnderflowCap(System.UIntPtr,System.UIntPtr)">
            <summary>
            Subtracts the two values, but caps the result at MinValue if it overflows.
            </summary>
            <param name="a">First value.</param>
            <param name="b">Second value.</param>
        </member>
        <member name="M:Reloaded.Memory.Buffers.Utilities.Polyfills.IsWindows">
            <summary>
                Returns true if the current operating system is Windows.
            </summary>
        </member>
        <member name="M:Reloaded.Memory.Buffers.Utilities.Polyfills.IsLinux">
            <summary>
                Returns true if the current operating system is Linux.
            </summary>
        </member>
        <member name="M:Reloaded.Memory.Buffers.Utilities.Polyfills.IsMacOS">
            <summary>
                Returns true if the current operating system is MacOS.
            </summary>
        </member>
        <member name="M:Reloaded.Memory.Buffers.Utilities.Polyfills.ParseHexAddress(System.ReadOnlySpan{System.Char})">
            <summary>
                Parses a hex address from the string provided..
            </summary>
            <param name="text">The text to parse the address from.</param>
            <returns>Parsed address.</returns>
            <remarks>Limited to 64-bit on older frameworks.</remarks>
        </member>
    </members>
</doc>
